{
    "cufftdx_double": {
        "(2, 1)": 2.12935e-11,
        "(4, 1)": 3.90933e-11,
        "(8, 1)": 1.67525e-10,
        "(16, 1)": 5.86534e-09,
        "(32, 1)": 2.31524e-10,
        "(64, 1)": 3.61318e-10,
        "(128, 1)": 1.00998e-09,
        "(256, 1)": 2.04975e-09,
        "(512, 1)": 4.16006e-09,
        "(1024, 1)": 1.08495e-08,
        "(2048, 1)": 2.41256e-08,
        "(4096, 1)": 5.79678e-08,
        "(8192, 1)": 1.63563e-07
    },
    "cufftdx_half": {
        "(2, 1)": 5.5788e-12,
        "(4, 1)": 8.30182e-12,
        "(8, 1)": 2.58857e-11,
        "(16, 1)": 2.88472e-11,
        "(32, 1)": 1.9961e-10,
        "(64, 1)": 5.00253e-10,
        "(128, 1)": 2.28922e-10,
        "(256, 1)": 3.57725e-10,
        "(512, 1)": 9.80543e-10,
        "(1024, 1)": 2.10231e-09,
        "(2048, 1)": 4.34149e-09,
        "(4096, 1)": 1.00421e-08,
        "(8192, 1)": 2.62735e-08,
        "(16384, 1)": 5.80204e-08
    },
    "cufftdx_single": {
        "(2, 1)": 1.23603e-11,
        "(4, 1)": 2.89122e-11,
        "(8, 1)": 8.55032e-11,
        "(16, 1)": 2.50996e-10,
        "(32, 1)": 1.22908e-10,
        "(64, 1)": 1.7353e-10,
        "(128, 1)": 4.73737e-10,
        "(256, 1)": 8.45018e-10,
        "(512, 1)": 2.08432e-09,
        "(1024, 1)": 4.80496e-09,
        "(2048, 1)": 1.05913e-08,
        "(4096, 1)": 2.51198e-08,
        "(8192, 1)": 5.96697e-08
    },
    "cufft_double": {
        "(2, 1)": 4.67793e-11,
        "(4, 1)": 9.3355e-11,
        "(8, 1)": 1.89784e-10,
        "(16, 1)": 3.77161e-10,
        "(32, 1)": 7.53166e-10,
        "(64, 1)": 1.49843e-09,
        "(128, 1)": 3.01023e-09,
        "(256, 1)": 6.02038e-09,
        "(512, 1)": 1.19326e-08,
        "(1024, 1)": 2.40038e-08,
        "(2048, 1)": 4.79786e-08,
        "(4096, 1)": 9.67055e-08,
        "(8192, 1)": 2.17261e-07,
        "(16384, 1)": 7.3545e-07,
        "(32768, 1)": 1.54434e-06,
        "(65536, 1)": 3.11697e-06,
        "(131072, 1)": 6.2384e-06,
        "(262144, 1)": 1.2608e-05,
        "(524288, 1)": 2.62002e-05,
        "(1048576, 1)": 5.77604e-05,
        "(2097152, 1)": 0.000115747,
        "(4194304, 1)": 0.000257091,
        "(8388608, 1)": 0.000606489,
        "(16777216, 1)": 0.00123893,
        "(33554432, 1)": 0.00249451,
        "(2, 2)": 1.95191e-10,
        "(2, 4)": 3.95109e-10,
        "(4, 2)": 3.93007e-10,
        "(4, 4)": 7.91966e-10,
        "(4, 8)": 1.61755e-09,
        "(8, 4)": 1.59179e-09,
        "(8, 8)": 1.83124e-09,
        "(8, 16)": 3.56115e-09,
        "(16, 8)": 3.46458e-09,
        "(16, 16)": 6.52663e-09,
        "(16, 32)": 2.56565e-08,
        "(32, 16)": 2.5512e-08,
        "(32, 32)": 5.11722e-08,
        "(32, 64)": 1.01665e-07,
        "(64, 32)": 1.02875e-07,
        "(64, 64)": 2.03787e-07,
        "(64, 128)": 4.07637e-07,
        "(128, 64)": 4.10849e-07,
        "(128, 128)": 8.22659e-07,
        "(128, 256)": 1.63866e-06,
        "(256, 128)": 1.64705e-06,
        "(256, 256)": 3.28559e-06,
        "(256, 512)": 6.55965e-06,
        "(512, 256)": 6.7611e-06,
        "(512, 512)": 1.34746e-05,
        "(512, 1024)": 2.72346e-05,
        "(1024, 512)": 3.06316e-05,
        "(1024, 1024)": 6.15202e-05,
        "(1024, 2048)": 0.000124208,
        "(2048, 1024)": 0.000132546,
        "(2048, 2048)": 0.000268723
    },
    "cufft_half": {
        "(2, 1)": 1.22717e-11,
        "(4, 1)": 2.42095e-11,
        "(8, 1)": 4.95912e-11,
        "(16, 1)": 1.18818e-10,
        "(32, 1)": 1.93904e-10,
        "(64, 1)": 3.94153e-10,
        "(128, 1)": 7.51479e-10,
        "(256, 1)": 1.51528e-09,
        "(512, 1)": 3.02388e-09,
        "(1024, 1)": 6.05302e-09,
        "(2048, 1)": 1.21408e-08,
        "(4096, 1)": 2.44875e-08,
        "(8192, 1)": 5.27404e-08,
        "(16384, 1)": 1.976e-07,
        "(32768, 1)": 4.09112e-07,
        "(65536, 1)": 9.40895e-07,
        "(131072, 1)": 2.63538e-06,
        "(262144, 1)": 4.84357e-06,
        "(524288, 1)": 9.67942e-06,
        "(1048576, 1)": 1.91867e-05,
        "(2097152, 1)": 3.8484e-05,
        "(4194304, 1)": 8.10543e-05,
        "(8388608, 1)": 0.000184414,
        "(16777216, 1)": 0.000566321,
        "(33554432, 1)": 0.000896,
        "(2, 2)": 5.64935e-11,
        "(2, 4)": 1.09315e-10,
        "(4, 2)": 1.08297e-10,
        "(4, 4)": 2.18155e-10,
        "(4, 8)": 4.39622e-10,
        "(8, 4)": 4.27758e-10,
        "(8, 8)": 8.05899e-10,
        "(8, 16)": 1.77872e-09,
        "(16, 8)": 1.76167e-09,
        "(16, 16)": 3.93812e-09,
        "(16, 32)": 6.96455e-09,
        "(32, 16)": 7.53827e-09,
        "(32, 32)": 1.39928e-08,
        "(32, 64)": 2.88019e-08,
        "(64, 32)": 2.35071e-08,
        "(64, 64)": 4.97026e-08,
        "(64, 128)": 8.47177e-08,
        "(128, 64)": 1.02186e-07,
        "(128, 128)": 1.74745e-07,
        "(128, 256)": 3.25228e-07,
        "(256, 128)": 4.49417e-07,
        "(256, 256)": 8.75815e-07,
        "(256, 512)": 1.79408e-06,
        "(512, 256)": 5.06341e-06,
        "(512, 512)": 1.00572e-05,
        "(512, 1024)": 2.02738e-05,
        "(1024, 512)": 2.02315e-05,
        "(1024, 1024)": 4.12933e-05,
        "(1024, 2048)": 8.85504e-05,
        "(2048, 1024)": 8.583e-05,
        "(2048, 2048)": 0.000178428
    },
    "cufft_single": {
        "(2, 1)": 2.43011e-11,
        "(4, 1)": 4.66651e-11,
        "(8, 1)": 9.67415e-11,
        "(16, 1)": 1.89728e-10,
        "(32, 1)": 3.80347e-10,
        "(64, 1)": 7.58823e-10,
        "(128, 1)": 1.51043e-09,
        "(256, 1)": 3.02876e-09,
        "(512, 1)": 6.09276e-09,
        "(1024, 1)": 1.21863e-08,
        "(2048, 1)": 2.44728e-08,
        "(4096, 1)": 4.87401e-08,
        "(8192, 1)": 9.78852e-08,
        "(16384, 1)": 2.25394e-07,
        "(32768, 1)": 6.27038e-07,
        "(65536, 1)": 1.63573e-06,
        "(131072, 1)": 3.19941e-06,
        "(262144, 1)": 6.31237e-06,
        "(524288, 1)": 1.27544e-05,
        "(1048576, 1)": 2.57866e-05,
        "(2097152, 1)": 5.21559e-05,
        "(4194304, 1)": 0.000113301,
        "(8388608, 1)": 0.000263608,
        "(16777216, 1)": 0.000569319,
        "(33554432, 1)": 0.00136416,
        "(2, 2)": 1.05787e-10,
        "(2, 4)": 2.03496e-10,
        "(4, 2)": 2.11594e-10,
        "(4, 4)": 4.11154e-10,
        "(4, 8)": 8.2901e-10,
        "(8, 4)": 8.19151e-10,
        "(8, 8)": 8.80951e-10,
        "(8, 16)": 1.76049e-09,
        "(16, 8)": 1.77834e-09,
        "(16, 16)": 3.7333e-09,
        "(16, 32)": 8.61728e-09,
        "(32, 16)": 9.06603e-09,
        "(32, 32)": 1.4958e-08,
        "(32, 64)": 3.00003e-08,
        "(64, 32)": 3.10774e-08,
        "(64, 64)": 6.29776e-08,
        "(64, 128)": 2.55287e-07,
        "(128, 64)": 2.47058e-07,
        "(128, 128)": 4.32491e-07,
        "(128, 256)": 8.58627e-07,
        "(256, 128)": 8.67023e-07,
        "(256, 256)": 1.72984e-06,
        "(256, 512)": 3.42328e-06,
        "(512, 256)": 3.53368e-06,
        "(512, 512)": 6.89075e-06,
        "(512, 1024)": 1.35846e-05,
        "(1024, 512)": 1.43205e-05,
        "(1024, 1024)": 2.77336e-05,
        "(1024, 2048)": 5.63607e-05,
        "(2048, 1024)": 5.92431e-05,
        "(2048, 2048)": 0.000118577
    },
    "vkfft_double": {
        "(16, 1)": 3.7404e-10,
        "(32, 1)": 7.4691e-10,
        "(64, 1)": 1.4948e-09,
        "(128, 1)": 2.9855e-09,
        "(256, 1)": 5.9248e-09,
        "(512, 1)": 1.1851e-08,
        "(1024, 1)": 2.4047e-08,
        "(2048, 1)": 4.8162e-08,
        "(4096, 1)": 9.7255e-08,
        "(8192, 1)": 2.3935e-07,
        "(16384, 1)": 7.7355e-07,
        "(32768, 1)": 1.5401e-06,
        "(65536, 1)": 3.1145e-06,
        "(131072, 1)": 6.2353e-06,
        "(262144, 1)": 1.3244e-05,
        "(524288, 1)": 2.7207e-05,
        "(1048576, 1)": 5.6253e-05,